temperature_avg,humidity_avg,light_usage,ac_usage,num_residents,device_efficiency,efficient_home
27.483570765056164,82.73434142418017,5.995728639070854,0.5674188294827962,4,0.6579745718678931,1
24.308678494144075,71.89847544321637,10.976127048609568,8.154803751784979,5,0.898569502633041,0
28.23844269050346,50.96666964167754,7.475120729913774,2.7356692478434526,3,0.4719346560836273,1
32.61514928204013,38.40211136887494,5.7327645215214655,3.3655841533779505,2,0.8409555084369364,0
23.829233126383322,90.0,9.60952953071121,3.51084676489127,5,0.7188729485135832,0
23.8293152152541,55.888276510217324,5.304596054626888,8.436095232927043,3,0.5727672056055955,1
32.896064077536955,55.20893937869419,8.084543472107384,0.0,3,0.6956917507196947,1
28.837173645764544,54.638123693349954,7.972643010067389,12.0,3,0.5799652418662136,0
22.65262807032524,57.971271411517826,11.257686697494734,7.640142022665129,6,0.7576491731429835,0
27.712800217929825,52.834593821140864,9.424094698639859,5.5580972853229,6,0.6603063537131466,1
22.682911535937688,46.39506989679646,7.924919123764568,4.8627649984592844,3,0.49864331744732726,1
22.671351232148716,46.79711588139412,10.453298897600861,5.713885187144142,6,0.46994984473341805,1
26.20981135783017,54.50870094676002,12.170622647051939,6.302806070948346,4,0.7280174092432781,0
15.43359877671101,46.84862843299352,9.673430919055587,6.613038964875143,3,0.941447819971662,0
16.375410837434835,44.30731325984253,8.031057859530142,6.389011165008621,4,0.6063746119346114,0
22.188562353795135,56.596453415378456,4.064491302949522,5.223951703138122,4,0.8398000643335739,1
19.93584439832788,51.17534173868717,4.804659010773882,4.506653949231684,3,0.7951968129638602,1
26.571236662976368,77.55989482874033,7.084325886935997,4.62181679086622,2,0.9589329485856886,1
20.459879622393945,20.0,6.171463393522151,4.5127292991182975,3,0.8925886103794844,1
17.938481493323543,71.37260277883692,7.439086091043662,7.8344252421676615,3,0.7399631553432777,0
32.32824384460777,73.69127788746444,8.169949774691322,6.483891805702155,6,0.7942182989404645,0
23.871118497567323,23.89914651387776,9.589078263070192,0.0,3,0.9390318799504209,1
25.33764102343962,49.85968608879477,7.788503665822726,6.639751941324402,2,0.6397112707521608,1
17.87625906893272,49.428387010063126,9.459504931478605,5.486840486796937,6,0.5960768235146664,0
22.278086377374088,33.88732457923268,8.193423244430361,4.9532281088852566,1,0.40648665018111785,0
25.55461294854933,43.33274968613687,2.073600300938386,4.028703867277786,1,0.8959306445148785,1
19.245032112888488,38.34136231801257,5.181993818543737,7.810281799965034,4,0.8805884202420189,1
26.87849009172836,81.28405665135435,7.567737332835153,7.368816155307145,4,0.4626727108600909,0
21.996806550405974,69.03517589721191,4.370915771476677,3.067805830440977,2,0.7461144286796202,1
23.541531251033618,74.07332642491238,9.799786189988613,6.017630717811338,5,0.6783890189001325,0
21.991466938853016,65.82508096064853,12.592252497031092,2.570858163646785,1,0.4712254573054669,0
34.26139092254469,38.06422343174156,11.65628555509195,1.5509545880276736,4,0.9883409362364342,0
24.93251387631033,47.132196005803394,7.359671387209376,3.433206938525087,1,0.5288175324780133,1
19.711445355220498,62.34061841841877,12.472178410549855,7.155983680956897,2,0.4403405080543367,0
29.112724560515943,36.66808286662082,8.446002371606335,7.382812613440217,2,0.7569084277011457,0
18.895781750144888,65.69497645258582,6.988742086645882,6.2827135502432325,5,0.8433200062798196,0
26.044317975023777,51.39511902762798,6.159792009377181,6.812739467119993,5,0.4194660676283122,1
15.201649380601122,49.377687886756036,7.092590940535615,6.290445717787396,6,0.7952305832362133,0
18.359069755507846,65.66439952305237,6.835469544376314,3.3962960119426193,2,0.7193751255708727,0
25.984306179345616,61.6639496722906,8.511248667126463,6.0798063616848514,4,0.4619590053250291,0
28.692332899977053,49.585507512713804,8.481721943149594,7.001023813069206,1,0.5035143261678172,0
25.85684140594985,72.38994705046372,8.009138060460243,6.885728324533936,3,0.7407845783896483,0
24.421758588058797,38.78405008600154,9.31081450923905,7.972283428686607,5,0.577814568107973,0
23.494481522053555,64.23903410416395,11.571938824359023,6.77075961800266,3,0.9629894371907897,1
17.607390048162863,63.89651886952576,10.848662406323971,5.878620518853957,4,0.8912441376904305,0
21.400778958026457,50.35680341029015,3.5453060946502895,7.675375595791069,5,0.9901403239081978,1
22.696806145201062,59.89199533363177,1.0,4.933696851877349,3,0.5558025033702484,1
30.285611131094576,36.23329635422046,10.80295973371782,2.7953133719307055,4,0.9818341796787862,1
26.71809144784231,68.86040528810352,3.899363904753737,4.5923325901405905,1,0.6587403218749348,1
16.18479922318633,52.22646795335516,7.325703794321949,3.1377433879838774,4,0.6085112771882528,0
26.620419846973974,47.15915469221441,4.489660921821922,3.312054312564046,6,0.43020971618161197,1
23.074588597918417,70.73513838755333,2.594058687259941,4.638703323211206,5,0.4316591547157616,1
21.615389998470206,44.43484464185861,9.624388184614364,3.0189501975000965,2,0.8152067535679928,1
28.05838144420434,33.873080554546604,10.27746548090794,4.230096175902399,1,0.6747573966604168,0
30.154997612479754,31.650562397141442,6.2704687978198415,0.2659633326155362,3,0.5359129756216634,1
29.656400595580994,64.0901492701846,1.0,5.533234268432347,5,0.7683821837951397,1
20.803912383886807,35.793559712555755,6.361266655242552,5.00301368840556,2,0.5517148709500668,1
23.453938120743928,81.32191272976547,9.17541201620764,2.9572784223295234,4,0.7465790526066536,1
26.65631715701782,23.771058881744167,3.5632652936776132,6.648114171081012,2,0.6155252481896142,0
29.877725635611796,80.44684552435058,8.550079759337468,7.343925344066395,5,0.8941313359670915,0
22.60412881077355,58.16526200803928,7.954070452481013,0.9811003390775648,5,0.8924176964600676,1
24.071705116680914,53.549303321944116,9.737874498803265,3.0931880535844645,6,0.6864102388734408,1
19.46832512996986,46.826213697865754,8.35874110524246,3.0771441255317544,6,0.6104914656010094,1
19.018966879596647,60.987041715281066,5.080793177355334,2.650242247227838,2,0.6175358779354567,1
29.062629111970992,54.435479463627274,11.589714504993474,7.0736871048293715,4,0.8834287154009307,0
31.781200142854114,71.54952823024783,7.5244112809190895,4.515434653067992,2,0.5969076896785672,0
24.63994939209833,56.7134147299306,7.9180863814702045,4.338712896723473,5,0.5254356242241076,1
30.01766448946012,57.25452642192816,5.200196122780412,0.0,5,0.45081300512518413,1
26.80818012523817,49.54581681679216,6.670153246425469,6.588545075523066,3,0.6800158725306451,1
21.77440122697438,54.14581564418399,5.345591857919297,1.9018540128663188,6,0.6892792593519051,1
26.80697802754207,59.61702653338089,7.481161820229731,5.149831575665821,3,0.9045452262417443,1
32.690182832329846,29.347474110150618,13.13512544042703,5.693442344895479,1,0.5327432178676383,0
24.820869804450243,34.77721866841431,3.8842965712059314,8.401646489596628,5,0.62859476420104,1
32.82321827907003,66.14896141034072,3.1593158063697766,1.72794900220222,3,0.8850434433362145,1
15.0,57.562981571919124,12.413510982480826,0.0,2,0.8941741664493841,0
29.10951252187612,52.24024995470981,7.372028968544401,5.459623861884237,6,0.6307666455872609,1
25.435235341190857,55.2765089959809,5.99278178402025,9.501277953777134,6,0.6754744139720086,1
23.504963247670663,60.21372558042506,11.11971406218823,8.097365882348594,4,0.5819715345095697,0
25.45880388267751,46.90360479535958,6.183153380789408,5.524148538186564,2,0.9595329270515872,1
15.062155426995536,43.32542911896531,13.478029140640809,3.7709095359198814,4,0.4711862594449482,0
23.90164056081244,57.93767882646522,10.033777614017808,7.017806491593276,3,0.960249653800882,1
26.78556285755873,40.32440833577452,6.536265775562892,2.5661345007388285,1,0.810319871101206,1
32.38947022370758,61.12379133571708,14.47192463979651,6.190894423390548,2,0.7189432916120387,0
22.40864890863176,29.461245936432395,6.1828552309899845,6.263675397916567,2,0.4195954364706975,0
20.95753198553406,70.43733455988465,10.226286116027921,7.6505247687472,2,0.685357715093205,0
22.491214782077318,62.08896223619564,8.897877741219476,11.899150097277694,4,0.6446488630016394,0
29.57701058851037,58.840446014708135,11.905223868196394,5.981039917946918,3,0.49673128718507353,0
26.643755548298422,69.74036475918271,12.684533590180557,3.727590935731253,2,0.7938457621003941,0
22.351198981164806,79.98211666693865,8.0960124471973,4.936064219520014,2,0.9826905444209715,1
27.56633716556678,70.21555097527195,5.73974638896145,0.5773102377772048,6,0.7373132866387151,1
25.4853877467402,27.386886530025322,9.37991642881735,3.2632171722773546,1,0.8288519658663676,1
29.843224952664446,35.806345498964475,5.966853890743682,3.97679390471724,6,0.4410702715396101,0
21.489734530613237,45.62772133456482,14.040161742579869,3.6897790051635186,6,0.6506001974901969,0
23.361689267011158,55.3913657531625,8.409605993248212,5.380887180084305,1,0.46981509109869757,1
23.039459234339212,62.76488530703685,6.904035346063674,2.9439501690444985,3,0.7676775013219063,1
17.682425259339407,44.11384280269802,8.554040917594726,7.802576668311179,6,0.9630892949284927,0
26.48060138532288,57.80150146715617,3.9586211314109105,5.0005176622954925,3,0.7970666394829831,1
26.305276360899448,43.66925601470016,5.085157884468045,4.976749197153464,6,0.44608182898865295,1
25.025567283212304,45.82723295512078,11.601241723833276,4.180263208717705,5,0.6127997229910497,1
23.827064333124266,33.900083547276665,6.029317163085812,5.387976709647448,1,0.730398027664511,1
17.92314628974793,41.151501308336435,4.859267051954181,7.062745661669087,6,0.6419246536799513,0
22.896773386173205,34.724730915754996,9.609958257581859,2.832174460722749,5,0.9001864062851034,1
23.286427417366152,40.36190120534001,11.557112463988991,3.3547087773118585,4,0.8888026028259935,1
20.988613653891903,70.80462694911759,10.1568599319952,4.2406849280583385,5,0.7670986120619329,0
24.193571441669953,40.759016667520854,10.98814305741745,1.6353226913169627,2,0.6240747670796232,1
27.020254284072692,90.0,5.7296147342916175,2.9518553506962557,6,0.5532018242579465,0
34.43092950605265,62.39976851321334,3.7345679997744687,3.8094478161383525,5,0.4635245909278776,0
25.872889064159196,57.77254185542311,12.50400095586646,7.185972951781819,3,0.6129386100919324,0
26.28775195361382,42.1246332972818,7.0319604834735925,5.656403322504812,4,0.6479035103246318,1
24.627770421169163,65.50464819113488,7.247500950634858,5.483974778418861,6,0.8054937550624441,1
15.406143923504793,46.36543260643339,11.984582425547174,7.12724490541993,2,0.794895894578544,0
24.867430622753915,56.83014721968042,9.66869002820198,4.656570529001509,5,0.44206488378475417,1
25.301151049705133,90.0,9.367663316244823,5.976162124822224,4,0.6371555892586946,0
35.0,53.559101504130254,14.495007034703253,4.741945617668759,6,0.5090673203304171,0
24.038195176094387,72.23909989428513,6.069445308859571,5.663405873499071,4,0.4940876231900834,1
26.507736711668063,44.45235362311169,10.783520384243712,3.543103355971045,2,0.8963812898423476,1
24.826441151473784,54.47517264254557,8.171039374691254,0.0,5,0.4251491300297545,1
19.15660981190234,81.56200953453265,8.805776836589772,4.664302094534239,4,0.6515097255412727,0
30.714114072575104,45.59549413318349,12.585405279237595,8.556870340249851,4,0.500922193459911,0
28.759665163433873,82.18672836995393,9.52350726886887,7.315538505603981,1,0.9275981294070844,0
28.955159735215233,65.61627903183214,9.614888237148898,7.413493711477926,4,0.734224307965021,0
20.453062726026303,46.56299836158598,11.217522011929407,8.090326804515545,1,0.5388283818261088,0
32.013971554680495,64.48611608583282,6.905141811371344,5.221643977403594,5,0.7014563722998259,0
17.990744686038596,69.58831674440094,5.482370997982981,5.493289268513989,6,0.8388918158218694,0
27.934285469001352,64.32714943325794,4.8655724179368995,3.4558702614141246,6,0.9748708053516603,1
35.0,31.446629201643155,2.1009302318719945,4.209817859932375,5,0.5322676025472514,0
20.04731837434656,44.09294236262697,14.168621389820967,6.5394278744278544,5,0.931709063277607,0
22.16851135198614,51.287220466727426,4.69037490283495,8.009711092922041,3,0.9605824685004941,1
25.498256825438204,53.88349856349931,7.336239129242684,4.651384310797501,5,0.9498523267192397,1
22.482621729419005,64.31008146326018,7.169560100333238,3.8745268378714712,4,0.781248614117146,1
17.246682844669337,57.66551501399881,8.922220093427303,5.001319897141493,6,0.7778923926608245,0
25.342814874030136,34.96983461934848,10.44721163761789,6.503016872322787,2,0.6419263799102937,0
19.688481431369475,60.70296776508945,10.581420465079237,1.3903629596661453,6,0.8514387293822727,1
27.36796215317591,64.15878617925735,6.2507676842931845,0.0,1,0.7187764110105592,1
20.402878828830985,63.396856718965594,7.498634858640766,3.623657876271041,6,0.8064628427369767,1
32.7496720250877,71.21171088331933,8.8477398514649,1.9482189352146033,3,0.6570747423092773,0
21.083733538318814,67.50883231823356,7.2539266214493585,3.7296495058817225,5,0.8388978784258834,1
23.38969241897162,61.88770118842655,12.822036728059977,4.630549202956321,5,0.8946829105627294,1
29.067586086848348,53.94751432812029,9.472924854914755,3.8668789774424663,6,0.4878617539616897,0
18.845678417830225,30.08558599726013,10.204633358149453,8.631168836176863,2,0.8997578293445367,0
26.137299673020646,61.44427328698879,9.988643806002237,5.8168619115058,2,0.7241779190741844,1
31.53571377141214,58.115315307446664,11.520421572455975,5.751185899027071,3,0.9067995454541345,0
16.96258382719386,59.0736825579306,8.54306467611112,6.555517860108505,1,0.6587810238046088,0
25.92316929266152,35.84877136269536,4.10950415613246,2.152917205548077,6,0.627424291229821,1
26.299413971242117,38.784151893876064,9.199063855257926,7.597779468550671,5,0.9490364395103335,1
28.90911435888655,70.79729279999356,6.045929318624513,4.810589283661351,6,0.5507015605290408,0
18.81524644560959,54.406672692150174,6.414149954750729,6.676201543103032,3,0.9065273951716859,1
18.397716934578618,65.22251046058936,9.75909205626528,2.3203569173996113,4,0.6904123435056424,0
27.60970782808449,55.42477564195692,11.714849214300907,1.1156030849598393,4,0.7084572655307558,1
26.48492336616593,55.446342092436176,8.063814730208184,7.044724145062572,3,0.5850809688936904,1
26.252464251729382,69.07425708963997,8.92649903779689,5.941023815243792,5,0.7438253203714094,0
26.732241047484877,47.25932907673939,13.106644833905714,2.744871114106224,3,0.5951267177657268,1
21.599876392107547,56.44181165411475,8.722259538465705,2.825842296813264,5,0.4235616485449914,1
26.161268485805017,48.06587066942436,15.805049342541185,7.813586961036924,2,0.5631991632066137,0
26.465362366493405,48.482556588515266,9.696528936894632,2.02647026783168,3,0.40382742604395444,1
21.42824290986816,50.36241814797041,2.717711722532547,9.106682383139908,5,0.9870128722341139,1
34.328872555723784,58.33200657450569,10.260024863313598,2.748448163380328,3,0.9794483258918485,0
27.36916460455894,47.818770675047844,9.143475154648334,6.595979814020957,3,0.6370931784833831,1
19.043482513986756,73.83634188360281,11.869258262248238,4.178453810627539,5,0.8370225126037876,0
28.28276804316915,41.580890466707444,10.019544053809875,6.507968577705858,5,0.607483659046255,0
20.126591648863393,52.196925337579614,7.584632048048679,3.6397149947145184,1,0.8026558942515856,1
28.93542301871226,48.40403412588738,4.327105291131903,4.593017734819265,3,0.8832580258275875,1
30.79297789503702,76.704668265306,7.372930228141924,5.102297938489303,4,0.9680537468153444,0
20.89658840824145,57.94832164767362,5.448438637372099,2.4945313605463184,3,0.6401273655098032,1
29.81688064622161,70.47766809202952,6.258429650585832,6.852060863550315,3,0.8699787897736286,0
27.06390463468249,32.716594404445416,9.765735213261829,3.716966083821037,5,0.5595570703792713,0
29.11030079997245,59.00575398803888,13.00971351305422,4.428500211649953,3,0.994199382276189,0
34.48396491326974,68.34446193435156,9.184014589468944,2.5141265634787193,6,0.41546175925861073,0
23.773059419985646,56.23425983913136,4.412350813894447,0.0,3,0.7621172839006726,1
21.23131917821255,70.98220562598027,9.333808004660423,4.522430593499577,6,0.7957035889907963,1
20.552427851872384,47.24067324849442,11.589894459936954,11.03153855403229,4,0.8128273342444774,0
20.920948575172808,76.1402116027837,6.170651287041853,6.96151071974506,5,0.47223254727345343,0
24.614491452929478,89.48347185428875,7.597948499981247,4.951849050664014,3,0.9631178700838783,1
26.70575987408322,49.55742159340512,8.044064584187591,4.342772926979331,6,0.5087099674300497,1
26.383453996650097,48.31746217898842,5.64530506075328,5.0561647320301155,6,0.7736520419439046,1
29.13591624518012,76.80076715676552,9.944841301531577,6.367797787938025,6,0.533605647473851,0
25.065009459389536,78.69358218596068,7.637155554176656,2.047967961727888,2,0.5843298502127625,1
32.26767038578659,47.15709959270097,9.258597331721083,7.78580423667218,1,0.7278751250368747,0
23.67671583381022,48.69719774356214,5.3375234665937,6.78845328860311,4,0.6503160511387459,1
35.0,50.773230867092394,6.687625099029769,6.795464314269836,3,0.4961353605859038,0
28.12833673882503,34.833242334485846,10.167144073483314,6.0961893470243185,2,0.502561841452509,0
20.714212217918586,41.220220802737025,6.881500543724699,5.049041644234975,3,0.6508868728976798,1
19.64553750969444,39.93788849871898,13.180891553700215,6.682153089917049,3,0.8543697869653004,0
27.412362076215928,43.483036523438074,6.801091443156193,6.479535334353445,5,0.9387787881086731,1
23.882686073370746,54.47972668919828,8.674054177255657,4.11489822264744,5,0.4504765973556297,1
28.57000247046046,58.51322098804781,10.79777249561927,3.5659955677577475,5,0.6358623445356406,0
27.366188122867726,78.25750739221115,3.7449028012009045,5.254640738154967,2,0.460147338233726,0
24.635855436715637,40.024689388918134,2.7175735640576724,8.87255037873797,3,0.40995548837955875,1
20.766031409657977,69.76483597714875,3.423031056289716,1.902232310865248,1,0.797031209586374,1
17.425763876570677,51.790167336617365,11.787752310281547,1.3311868356189,4,0.7614696651799526,1
22.767425239664895,54.25804435521351,6.34442556232266,5.4119021030912915,5,0.49781146828893175,1
29.28199397161736,65.12229238249905,15.674597857004757,5.127219254640045,5,0.5402876998558385,0
26.07046872065102,38.159169676565526,6.3072572040278345,5.4333541609260205,3,0.41422465218671106,0
18.771306106440058,60.736146192760756,8.55365390959111,5.609882994771251,3,0.9009683234166422,1
25.86590462925591,57.49678312319584,12.626329857703627,4.441994363412987,2,0.9848143576291308,1
26.926586898644185,62.38676896012224,14.018278664477368,8.724658596505206,2,0.4812757220768145,0
20.580712818994336,59.33752965861727,14.184510729909194,0.9977400538087107,5,0.5388851282591789,0
25.76862552972764,90.0,11.625098691779428,2.928757438049385,3,0.9210457143681604,0
25.29104359223,45.43390023623026,11.072187577434388,4.741863099627381,1,0.9558782787737109,1
19.285148510846884,47.035045674972736,9.777580847603549,0.8920279721145814,4,0.6517764296840862,1
26.788936801741418,45.65289210362853,10.335083228499913,4.560363988919822,3,0.4303734833614445,0
27.80392263184117,46.66784321259618,6.3464428510144,9.153675414320045,3,0.4236351002156917,0
30.415256215876383,45.439193090402235,5.545403349733078,5.052216220739904,6,0.7443699196414062,1
30.269010260174515,72.83524796661328,7.989876627767144,5.576752264296709,2,0.6357370653359075,0
18.111653160214544,76.30756371984782,7.489446132425215,1.8495880870685495,4,0.41719145654659273,0
20.310874800424386,46.438805593757856,6.640315852018174,3.4590964799013064,5,0.7499514353875341,1
27.5751763360433,42.51466640343657,10.089162342370146,4.0620090491901575,3,0.4067815219534135,0
27.568929754561044,62.07123334579606,10.865915625711532,4.205712258109415,5,0.8724231748895638,1
27.575238431530238,46.716654335785435,8.265220658875542,8.204109487509422,3,0.583859693622023,0
35.0,64.49397726633266,12.432590243165786,6.394227651812812,5,0.42415480180553927,0
27.854452553465833,58.0438453127695,4.574932657599485,2.22135510765742,4,0.753011332589892,1
30.677828200902994,32.26383827504152,7.419021622160845,5.616261946080012,2,0.6386106486598329,0
29.770008817466014,78.21257801995093,5.849533038191585,6.245554371241963,4,0.9842802480142897,0
28.25695625652899,81.93816509643283,2.4003901487808204,7.850372596303166,6,0.7265191975022214,0
23.42365377679827,45.80816964273421,7.751957942471902,8.951351716420934,1,0.565143508622205,1
28.794846102466337,49.18447660096024,7.634757474850149,2.4622645204303284,2,0.8256633187803848,1
21.13587392731214,59.287980860873574,12.540349229726393,2.9728562219741543,4,0.5628952015256268,0
23.815906966299956,60.01685184980538,9.892435053664332,1.8560553527134593,6,0.9425459748445391,1
22.573182260854484,64.87816409009245,4.927439527012385,4.414950352232546,1,0.6248331823044259,1
25.409370696931614,85.15306808149525,13.562277699002564,6.165895936115836,6,0.7299211376657231,0
35.0,52.34579158758926,11.66310108657606,7.468336291472754,3,0.43034386229453736,0
15.66367403704126,43.02554133192319,9.746293110405848,4.810122440893693,3,0.6556727427713385,0
28.43130095187257,34.31021157978209,7.320547703450504,4.20038119186289,5,0.899418123796597,1
16.936420644051744,44.036049400871214,5.121682289829561,5.379394980621851,2,0.8833892832180051,1
22.640340671052833,54.503095406893046,6.883379671786841,2.9121427459249425,3,0.5345911353121158,1
30.444752984836832,81.91836795276681,11.266245859112558,10.223846804236933,6,0.5356474426063376,0
25.321400095477316,47.235830514457426,13.653758917803827,0.980847432204853,2,0.8903831873279421,1
19.61127611035347,58.35681927458348,12.629730584816567,5.461851447239312,3,0.9582390521015953,0
21.42348145370016,54.753656558908716,6.533451734641178,10.059015548074099,5,0.45721655276380213,0
28.39798874467338,72.82589910172126,4.641147700132967,5.016999611399995,4,0.6700351836557352,0
21.34816684141432,90.0,8.422658740733612,4.524902412496264,5,0.6024725673785374,0
26.082292947909874,47.03696840619519,2.6946819033114453,4.106386442973932,1,0.9224130732744636,1
25.22785919951907,47.658408362226666,8.969503142554345,4.5490207955939805,3,0.4501149488080113,1
21.741998261970913,70.66241315603608,7.557192241103994,8.432121186691326,1,0.5266755655348224,0
35.0,65.22837234439467,6.601890494395273,0.0,1,0.8514810025518966,0
28.169595111590056,82.7006098860405,3.215890798199614,8.833584253240813,6,0.43077630938872935,0
15.0,63.75892277988946,9.540800319709149,1.4401071188746375,2,0.6955212284285736,0
25.93227157384714,49.610618638194104,6.401897481014266,4.333369176913963,6,0.6652642208078321,1
21.69106767615806,63.85982246038464,4.490249492869136,3.926888949253345,3,0.6006407073932492,1
29.26216667398112,71.63055370874362,1.0,6.4713831744268,1,0.6367433891913543,0
21.037396307836495,67.30723271796046,7.917455284848091,1.0046891202906312,4,0.7179643521581398,1
24.426317792665504,62.609110466609465,13.316754790009233,6.155431665204857,1,0.49682041503302987,0
27.524936394902287,71.00012034383731,12.98377764364361,10.060774058217131,4,0.7431975269701556,0
29.328775970850607,72.5394338566851,6.628711230241184,1.5920649885179738,6,0.8832593975799918,1
18.998517964721117,75.7323848655629,6.1933638189146585,5.474265419025989,6,0.8560965578740954,0
23.327493820795258,64.73064831384464,9.40632276822507,3.345044555508477,2,0.49233994281626425,1
22.62527344419522,52.493228795247184,5.0048436824351255,6.0647180154825895,1,0.48954968184488434,1
21.73335383713144,57.20070529649984,8.905375699458398,5.04786944353938,5,0.560904620646948,1
33.82727120140548,73.09763449762535,10.298240835154072,3.396282727389226,6,0.6166448358046224,0
27.024908554804778,42.74596493519146,11.680799671652924,6.219680712177685,6,0.6450733488450896,0
18.695580228324772,60.53009963309352,7.699537770560141,9.510870274466857,2,0.8078183301000073,0
29.58930973527388,49.09991781508959,7.388978749469103,4.5227405206817535,4,0.43400825929950126,0
35.0,55.431172344022265,5.366052239730317,6.799394855370455,2,0.42080362253563985,0
30.162326302755734,74.17677793910948,5.51935893788042,1.7668176053220908,1,0.6351463377663454,0
17.403150170229935,57.86648602029855,7.32056332429542,2.6089090579549783,3,0.8182982152827882,1
22.578829635668743,55.69654822234223,9.102096520448534,6.181015694700943,3,0.5160612057738896,1
31.334555745933113,34.60215788530121,10.74075387869975,8.710290071339912,4,0.784902688753751,0
21.461652671906094,66.19380349040831,5.590463147958966,5.88903337196415,6,0.5558968827641797,1
27.219097140731144,64.68226271711613,12.478065706878565,4.217354923692114,4,0.9316516652881098,1
28.873170267146683,87.4488208495819,7.1866291968722935,4.998228513558385,6,0.9374139665599699,0
20.365347642109583,50.38332647570499,7.935898116954691,1.873980665075706,6,0.5783723225687959,1
24.702373219691,58.287254914959085,5.75836496255653,6.511288315888417,3,0.5379962523779444,1
15.0,58.74075525566133,1.0,7.205832655808523,4,0.6467823832397388,0
19.878061793328552,78.66179919645211,10.65213618908315,3.8697741679172992,2,0.5443189511080893,0
23.7371592430342,53.57056701419572,10.2105316912773,3.8248946306012463,6,0.8034303059750222,1
18.761084090175753,59.185322886555085,7.15601732864536,5.664695574130121,5,0.8956388107289713,1
33.16205651965818,64.11844764574809,8.200972151674616,3.9082006598985113,5,0.8038552785467302,0
17.849293110196836,57.79913684734537,9.547817653112299,4.8346684634354435,2,0.8946102683496097,0
22.799777566515083,48.30349578174208,3.3123624293403715,10.24930447291629,5,0.6381952973244844,1
25.653702886430455,57.911349893474615,6.412841967961116,4.382435748135008,1,0.4937901824253165,1
32.20636644533058,71.10447624789659,10.38279403886548,4.104149619946945,6,0.8427705684385554,0
17.8206892441028,39.602270508834096,4.237131730492251,3.381145485912102,2,0.6162847030849323,1
30.815818760774796,56.99454511220314,8.880673796499888,6.860479928749842,4,0.8027624951374794,0
25.051165305097935,44.4981877759124,3.9302545861297844,4.546939566954743,6,0.5623863651890594,1
20.092456744760245,72.92569943387264,9.399289947300579,3.376567404196435,2,0.4487377808840036,0
27.310517371316354,32.15219642824338,7.89307555310755,8.30326008068253,3,0.9955490772926581,0
25.99529847786735,46.61617229092617,3.1546045522834714,8.549007511284092,4,0.4937209047583596,1
21.998915614206027,60.658178125967815,11.494218063371514,3.4989410856532372,3,0.9930525963780886,1
25.349010424950094,78.4828604385151,5.796225269605852,0.33365012159845975,6,0.9863679595398683,1
23.0734320156912,54.01374608390518,5.569242688956857,7.518784224592306,4,0.8762908623448238,1
25.56758672625624,46.67200709960203,8.60170759169283,3.28842543559999,5,0.7956537772491985,1
28.310653372605234,83.21735604160885,11.445912048286147,6.976563997906922,2,0.7466842301506509,0
32.93008408072676,33.279791493756335,4.952534543064809,0.07474045572041099,6,0.9196609272267008,1
18.810922505865754,22.017910650698774,8.185039549543914,7.231493345748273,1,0.5736637129716928,0
35.0,61.60021675079999,9.286449500991719,1.9720701767980469,4,0.6806087274909263,0
15.239561002387491,47.46918663471083,10.079316821789433,6.826910297666311,4,0.7716339816199012,0
24.241074524822082,39.681507743039305,8.529324665831675,5.035682669591085,6,0.6467142855216946,1
27.941586032422883,65.6253467094903,6.8989164827500336,2.615151451508388,6,0.6564918724541609,1
26.404959338675162,58.65701070656798,5.517229338053841,3.982409217683049,3,0.5981708005012507,1
21.88650240089703,46.538820538949075,8.258431649139125,6.715796142391752,5,0.7385390900107216,1
23.959388748213623,35.79543401993658,4.7835829640431795,5.2647361327880855,3,0.9103447168090696,1
22.534995326705836,68.08685992420217,1.0,6.461032451181211,3,0.5209170268037877,1
22.053176215278942,64.75301766937991,9.309679412473002,9.941101461288714,5,0.9606598232520649,0
29.248010485105123,53.51236204330926,10.711804523258586,1.0893959707223715,1,0.8134525922489377,1
26.785077429825236,82.69955494071499,1.0,9.04303143742156,3,0.8939639276080181,1
21.535452023696728,38.94872850510771,4.970807885870188,5.260889843808032,3,0.733714415578007,1
29.497999377166252,32.117122436128916,9.857462783015594,2.7530398791921797,4,0.8677100208544382,0
26.536497604383047,44.62137895178133,14.172486409135097,1.6742159356525255,5,0.4097202384036803,0
29.0643105941948,54.31620975466753,8.062381123026224,4.527199023057416,2,0.8910282548677211,1
28.14814420961806,58.65009173984038,5.815991176312597,7.3041252798111485,1,0.4240833154512199,0
20.855024945389637,51.38145913215505,7.4513106766854795,4.6811271990561645,1,0.9339480258177175,1
22.199094799015153,60.28083094771445,12.124629257444553,8.77788732561837,5,0.995177648343186,0
28.736468025616308,36.22690863714334,6.062107462626394,1.3720607748711027,6,0.5764404773060667,1
28.051851327167324,76.65646906109889,5.602423980049239,4.969777630384864,6,0.5261911337714762,0
24.89549203017926,53.76773232411147,6.551769433453902,1.8690163889672022,4,0.8592180183148244,1
25.58663691654391,71.75943747382192,5.140014175223863,5.909079706562419,4,0.551815804552152,1
31.388324478942124,60.14088019566556,8.368010947984386,7.217218475243251,5,0.9193374299033221,0
22.04214305582085,61.85129828730676,12.874035375408681,3.948095515797367,4,0.46170555529448604,0
27.735486905850188,63.546509203483055,8.969237819348088,0.0,1,0.47557311782761497,1
23.98903673783053,61.715628400259725,7.2429394936211375,5.497370366991237,1,0.9874909330603694,1
23.9115939838639,64.64084139801315,7.124566193253368,6.091846379333774,2,0.8043033389620028,1
30.49388425993595,74.93728795198646,3.3104275739100286,6.010736887404244,6,0.9081323346573716,0
29.12708174494015,57.94781754552205,10.649329331441477,8.089455479555385,5,0.5945976264109109,0
29.067548180003193,65.63505636382769,7.766488408961594,2.3223658008773778,3,0.8058902497123627,1
31.527394035771646,53.6539645856916,7.458560259228123,6.700540263626124,6,0.7565450963851583,0
25.105019208163796,76.6017582317421,16.0,7.981268781194937,3,0.7618900720737682,0
28.40976485647482,44.85411546911095,8.89625872509706,0.5535310399837083,2,0.8095194757226329,1
23.44866621703272,82.01410649366224,5.744626849714447,5.799129564797443,2,0.7452155038774592,1
26.62083176244221,54.39763074033485,6.72092721138337,3.7395504224808214,4,0.6574374215815996,1
24.349284728161578,33.53837346822928,11.445337127590264,4.796193317245885,2,0.5655536166283281,0
25.48497982496359,56.92156622366184,8.339811231613293,5.869191208845841,2,0.8611487985479211,1
27.97578512718457,44.78422513787679,3.6851660650479,3.7819285897161192,3,0.5357634580019117,1
20.908896583832636,67.60965323483086,10.75768680372561,3.3107298020959703,4,0.8154125836926485,1
35.0,45.210640310464136,5.995567743383019,5.085381043720061,2,0.539999693589596,0
19.96991309250149,48.307248501778304,13.619893328652637,2.2818851528429933,6,0.7751981019726724,1
18.92905693606134,26.656889035817034,11.240144197143945,2.2854371777870366,2,0.8482469602774174,0
30.790554367500338,48.21540521126385,6.658034313023746,6.6984332073912585,4,0.5312283333439235,0
28.95831346981468,20.0,11.843049085205338,2.12801491210336,5,0.435965980516785,0
28.120599085260775,31.24145764771415,8.20356653158221,6.66578125227303,4,0.4785842457965045,0
28.1417275463214,66.40621984216446,10.55832102536666,6.156478232134878,3,0.7635981803626153,0
24.938766135765427,66.78700237976248,9.454198451883425,0.6854831780235084,5,0.9096678437354413,1
20.51372814257084,61.38186342677447,5.4609300350273795,3.3060883691608622,6,0.42699809274125466,1
25.37902279096863,40.495357853061805,6.069350503047614,7.985273507618431,1,0.8404907554249877,1
21.61419144243944,54.2843296578703,11.089882452743485,2.547086172150796,4,0.6047911875700313,1
29.875598667088756,54.945961913641476,6.995674003680378,3.8389893442265306,3,0.6871170219517135,1
24.264713092489306,37.624529662111854,6.78905461027401,6.1551522331297415,6,0.9573157299073394,1
20.872514016037442,77.55097452650726,5.134632261951941,6.958476273206489,5,0.5991829028415073,0
23.393070791735035,68.16043435863507,9.270797196780382,4.371152784888761,6,0.6792021603636916,1
27.06465727137812,51.68553739255504,14.187574757729434,3.506224513270896,4,0.4082094488564087,0
22.181377235980126,55.40328758491796,4.797401257237182,8.555924654246269,2,0.44895923200290305,1
20.888898022167844,58.125742119213285,8.072658370018274,9.347249159493948,4,0.5551549546808704,0
26.218436057459563,24.373976973635642,12.236661666246288,7.447145126954489,1,0.4167113444926447,0
26.224832855543614,51.29233926219105,7.7610758262628545,5.21329535641256,4,0.7788251956289506,1
22.46528412314435,44.77023628003302,9.357115388749202,2.979335695897684,5,0.6558390140809736,1
22.644808471908387,39.975699851576266,4.81281941555936,2.923888983608587,5,0.7288871216368132,1
26.16024968678818,50.78349560671067,9.284921291622945,6.306285263164394,4,0.5047883115377978,1
17.75957829251338,81.96529790274283,7.438567204986354,6.04599555222171,5,0.5775592176619697,0
17.962681128117225,64.61264291900514,10.95718998703959,8.503996482366073,2,0.798294684911635,0
21.40777889373782,46.432315153258045,11.562158154694254,6.626125231340348,6,0.9791816341782399,1
23.932764241440765,63.58874172034238,15.768690926055841,1.2422992456004551,4,0.43025006416132555,0
26.554537827990025,75.99033154879004,9.738899519640727,7.629869044307297,2,0.9342305925131597,0
32.37678108474776,68.86950524369153,8.9773889497465,2.5048484317139676,6,0.7461287207867251,0
29.288298116010097,55.89445554880261,8.583152904732009,4.040071820119121,6,0.7383517400533742,1
24.200307350182864,45.295948334416394,6.9405011215679355,5.625500515629236,2,0.7001671211246563,1
24.904918960486555,65.47334970420386,9.015451530385073,9.989168724459912,3,0.4416364515425101,0
19.987353176810956,60.90228078132624,7.113795769582912,12.0,4,0.45392611104169645,0
24.90743432003805,68.42789830041599,8.505382928808842,6.516807647840457,6,0.7605472033954517,1
23.55670680539931,64.52757702522955,11.952792606823879,4.54200845319903,6,0.604575142861335,1
26.613592801690448,70.74329072979003,4.980372304161077,6.336264121201376,5,0.9503608399466084,1
20.863845282238387,46.97147182659148,11.419635683387137,7.21913856468459,6,0.6439543224156834,0
27.596732571205862,74.76091098451488,11.951345202019596,4.198330936107021,2,0.48596887522158466,0
32.66369456501289,57.96399407038599,7.645794419026764,9.488028389780805,6,0.8288313001012216,0
24.456199257715713,86.12891308937898,1.6344353029742162,5.575176897978505,3,0.5760120528646059,1
27.008558610494706,44.66218272865648,6.176534038716703,6.244357722728486,4,0.715282184413536,1
28.450719958555563,81.03945704747875,11.890983639683327,6.664810630136153,4,0.8186996713031021,0
22.993897640570818,57.96866175193972,7.931395813103354,6.053966526536139,6,0.9401584667212423,1
26.120462409052084,45.22872994578327,5.0020933031152675,7.097351251174031,1,0.8753147168810056,1
25.062962003908975,47.741712489185176,6.485675236315348,3.456867033632692,1,0.8058166407236345,1
25.48838049274416,50.1947903770852,10.521860079513658,3.6042456151349236,2,0.8077799094370861,1
21.13495108072267,61.36248919602875,9.640200704604137,2.2496144175707626,1,0.967554786419252,1
25.122550871294713,62.84253232053249,7.283203702490917,6.098753076550566,2,0.5774944584979216,1
27.489991456227248,46.394499940921314,6.8995267645559375,6.947341258780285,5,0.40066725651771246,0
32.25571803897521,54.634681116085254,6.824725552868534,6.1444321653797145,2,0.5631727356389192,0
29.796354130426035,87.13405537917795,5.232769446504492,9.186231083368844,1,0.5307348277760464,0
35.0,80.91314755151066,12.846127068408325,4.986009952927383,6,0.797100751068399,0
21.163262185559752,61.54485504511048,7.033038592365981,6.671854138981281,5,0.7802269598593174,1
29.361603183603393,55.570052172523006,11.65147556247649,2.270747809651714,1,0.7560768296228343,1
25.91671002869176,56.80046990077392,12.563948155767354,4.032250743813997,2,0.40974606592567225,0
35.0,64.20276959095625,10.99493269444388,6.738844393914444,3,0.8372668326703885,0
20.958508573224243,39.658111522023916,6.705139061845855,7.12275527685786,4,0.5941182474912949,0
20.801390789096118,51.139351938649824,9.211190271009828,4.265082630839545,1,0.7990335934039787,1
22.00303677277989,29.97123889183616,7.927413180827251,4.8210018703548325,2,0.733947057101292,1
15.0,60.98834683907919,5.288894417809615,1.2053156332979764,5,0.6056385552567443,0
22.371224891596196,64.70793909554112,8.97307784516481,4.1074269979834765,1,0.4807457602624647,0
21.20433669223151,47.75220306550939,4.462880626520592,7.225957908799465,1,0.4566513385962886,1
25.75196893238104,78.6098014493505,11.563038165384691,6.438012540266415,4,0.8989109998673341,0
26.708779878885796,36.61351505496488,6.60614810810482,6.251664303453024,2,0.9510385252489348,1
34.38085419607943,33.0343767968527,8.603478967618518,5.1244342179524,3,0.7898728280585798,0
29.75211919093025,58.36677727839958,8.849863614638426,5.017657896570441,5,0.46206046891629005,0
22.115481721687985,70.70647453918232,7.223285078887768,3.3491971513163823,2,0.6412163301329444,1
20.50792664325821,80.25891537186803,9.760081404425824,6.747071050506337,5,0.8373635200630943,0
27.459595857532527,48.1167360569659,6.575289030132427,6.052432360973475,1,0.8678925304060409,1
18.398833964896788,71.18021250146944,10.613891892371733,6.2300471199819984,4,0.4709311733746532,0
34.157293829271765,54.422372957489394,3.9620609592597544,3.684912893331049,4,0.40001843130722947,0
30.897200603606436,52.41059050088771,8.379138738639236,0.0,6,0.827282227528363,1
22.654121739476476,68.25489906230008,13.816786997174855,7.7428817793842395,3,0.6139577055917234,0
16.434327354545612,64.78484317620129,4.999006026183276,3.80290635997899,4,0.5526887989709561,0
31.769361870827062,31.354117645236258,5.966765088425445,2.8430605898921986,1,0.4077384818737153,0
24.42730077373691,77.14810524588844,9.541723548976744,6.733697279784984,3,0.7241796440568998,0
31.189081559867308,75.70137031221176,8.538745345818795,4.019968400202176,2,0.9106904412555891,0
17.027861706028165,45.61655947735706,9.051890297820677,7.6498409601165545,4,0.9745789877635528,0
22.003124885231134,60.93705300156114,9.46756139044299,6.542514873941744,3,0.7394469703679736,1
25.026218498590914,62.41045279424108,9.904164405685309,6.708923308001194,1,0.7086767966439365,1
25.23490296882371,58.910106487358604,11.32909952586867,1.5851107219986642,6,0.4510338312935447,1
22.74967264260378,46.7454226923187,9.229455970785537,8.029859963466002,5,0.7293236809255599,1
28.114249661737492,44.92564948092922,7.276227036144372,5.65312632808464,5,0.6279874473792368,1
19.661897853087027,54.61668893512832,10.017721103608194,4.076807151884492,1,0.7642811685301462,1
24.288102574893532,72.59093528889048,13.699645804685646,5.358471168355628,1,0.633235808725928,0
25.601478158559495,63.15400231891648,7.60209876085228,0.5594119177542005,5,0.54417947407022,1
27.572194170293745,49.44078501870841,5.076412085988076,6.021632028701677,6,0.4569791651370259,1
28.55807439044445,66.57548065972517,11.321242007860919,2.426571229544821,3,0.5889510667533374,0
19.376789540810655,20.0,7.638856508139205,1.618324285391164,5,0.4579869005726514,0
17.32942914632189,72.23148550558156,1.481991361957892,1.1941020344552724,1,0.5061381704943904,1
31.388384109492545,28.904293318328506,10.542265031451265,7.781720937474813,4,0.9924016951477276,0
26.661570059897958,49.563385878953014,6.394015442138231,3.4268415157680283,2,0.6664621341439712,1
21.25756731721723,38.20495158060784,7.7284001530875175,8.834319274791248,6,0.71912305990301,0
32.75575987761262,35.57977786418641,8.995940991707045,3.6604963423692554,6,0.9241711172423293,0
25.578373171464293,72.41240181067779,8.5714990393372,0.731605106017633,4,0.9973413402944127,1
30.896485920319133,47.98448198032163,10.128355451417118,2.2086889001283523,4,0.7496286696068089,1
25.337592407050543,60.197558225960734,6.69354088829047,8.089529050017347,1,0.887484292626503,1
35.0,54.29619131681224,9.539317394528249,4.610254555158331,5,0.5961646146020052,0
33.77670421221602,62.15561240834682,7.221359967248248,3.6292817587734976,3,0.5834463744683747,0
23.75517925760463,56.15232836590383,10.21643144266251,5.400045564631969,6,0.6416222325967361,1
29.85785475477178,35.755116637171454,9.84610245203916,6.254456840418863,6,0.8035043576041895,0
28.226879747925736,69.94400229170711,5.193683893866214,7.7934970397561525,4,0.8093150135530593,0
31.843157787661745,47.593651252580315,11.257946348525097,8.621248074732316,5,0.5891436607896705,0
20.17538269709948,31.651271520103734,6.3921096646578555,4.100578385527285,6,0.4799259544819772,0
28.430257299992196,48.578272585511314,10.424173394843436,1.6848807847949043,3,0.7794377538793051,1
30.29212243424794,77.51139685951466,9.101861940204023,3.96633709719181,4,0.47699551731325873,0
16.20630256788443,67.7533261317024,13.514551030385368,5.650701266457215,3,0.747095504937598,0
19.083707436671126,49.77021798388211,7.329602052884444,2.5906026844734726,5,0.8160532768337854,1
15.0,49.76113443522357,6.952049611645408,2.6071227127623926,6,0.8203668978366709,1
23.652965827777212,50.17547423173926,7.941741182336802,5.859469703874714,2,0.852083266395758,1
28.58771127897981,86.15121975341262,7.090460651497174,4.878369121073872,6,0.9237156529393987,0
32.51178526048014,60.7290317834733,10.39982570582615,5.081992488528966,5,0.6999753951788731,0
25.370473902098876,61.45062470786604,3.151068174690236,3.103761663249826,6,0.8381495137177427,1
33.14307772785646,70.45425181047763,4.838952742560938,4.423998214485581,6,0.771503641219502,0
18.099492708925542,58.581837385397705,4.7965912352624205,2.689417139329239,1,0.5119839638786096,1
16.483087803224226,51.11436781268945,10.850922775920727,7.2254960278119675,6,0.41541378692164493,0
24.722261505516904,52.05475226372533,13.131840117745776,7.588123336809382,6,0.5707248314061603,0
26.920327244696537,53.92598110878904,7.686652344387586,0.38453034440476586,3,0.6658202238025717,1
24.836526259529535,54.44166645235238,7.493534830429968,2.676222849518975,2,0.7702635666571938,1
15.0,65.9144431545547,8.210156489339544,1.2586768622748021,3,0.9099755983019232,0
24.55439980243606,55.77918828710949,11.485634907824572,3.3749401639827545,3,0.5177474300236994,1
18.477652497475734,65.98960115823368,5.217940597428278,4.791405075524098,4,0.47532987393908627,0
28.348362744150194,53.78925129837126,8.715106948204355,1.3758869507536748,1,0.9780879684845966,1
26.83299123048424,56.17952785474136,10.92559288934729,2.6953504671867172,3,0.4648267356258443,1
20.300601068363225,25.026989732018386,9.503282509819536,2.4901065697962537,5,0.6870946420643136,0
22.430665413316532,68.74491512053723,8.56874484979623,5.51816832349736,5,0.7513382372759811,1
19.70393239055524,60.19732713846989,11.003138277701424,5.173360842590626,6,0.724824652544463,0
24.68660451363414,69.97015164789478,1.0,3.195656116656867,4,0.45161929421976593,1
29.775711602506192,20.0,10.033625958592722,5.442052180348495,1,0.43421614840217165,0
20.07136976832228,86.32562057171091,6.037772950617729,3.6332997885318363,1,0.4632900564766214,0
27.520232577589223,52.90615557767239,2.5081013094306295,4.320862224184867,6,0.7513526103235675,1
22.348711908137794,71.62274225106275,9.533607798574941,9.183630225746342,5,0.7266069325805926,0
21.03563583868828,39.401411093117034,12.120975635488874,8.35115262947587,2,0.5402444752220465,0
24.464848200227213,64.19160857593855,7.587654456116924,1.751046907681006,4,0.782664485107355,1
19.82378838790313,39.198766552395156,10.858623641608816,7.074331044697937,6,0.8920405012333896,0
22.23175347326409,45.64346558956292,12.836834773965936,7.02849138622898,4,0.4249473759079563,0
19.010610537055758,83.71047030800179,11.944743360752142,2.1293417781184543,5,0.6988779661288255,0
34.82362566458195,52.1397639885498,12.919893588114178,7.046944109387152,5,0.8135862472616142,0
25.176317759858645,58.26149309769584,10.226382473215676,8.844829796031382,2,0.5513871562418122,0
21.50137246003707,68.05101596033131,8.226300916704778,2.1936379843889653,2,0.5846625431758895,1
26.06989955367111,62.43522831958907,3.194102564308494,2.706242947464341,1,0.7681827417936302,1
24.43835975154585,57.256283577153646,7.261812535610154,7.544153667108756,4,0.9387611760662421,1
23.895152002333884,60.47441503699338,5.470260214051425,5.67873827706412,4,0.8859546521817396,1
28.070833500217127,90.0,14.51282815249344,6.378690688098808,5,0.7498781314597501,0
28.787538550236526,54.13571804449622,7.47234256270299,5.851473041001242,1,0.8381330306543495,1
22.34749426194736,58.016485700724516,8.369614420353457,5.976739802320361,6,0.6188934821246792,1
22.1209087967766,70.75981594011418,9.654456128121403,1.6838196792222924,4,0.7845793168592546,1
23.62474151424178,71.58288899436975,8.13080733911736,7.618294266553621,1,0.6797089546765342,0
15.0,72.8054545834057,13.085153121292258,7.923974981069434,1,0.5139616818745365,0
17.42404468900724,64.58095333043777,6.132051914796644,4.42652313982993,5,0.8210429643263544,0
31.834371337222624,37.854926309042746,8.583822365711729,4.891307625465344,1,0.7338787824092932,0
33.22483856750642,79.50147298451644,5.772588242905855,1.1722312436106948,2,0.6151729491721548,0
23.75481980221811,37.804819104719684,4.039932466337882,6.285636890044588,2,0.9468035140471784,1
27.882784815278832,59.5395319785855,6.164692727284144,6.430143604285361,3,0.41256047069603996,0
26.556250772717682,43.68586224970963,7.888889608854764,4.844522457501722,5,0.5894638907496976,1
35.0,54.03792480110511,6.71209332644822,7.810883399676257,6,0.43412883866658797,0
30.597874557172883,59.93143615455221,5.922737060378433,4.164806922550149,3,0.8599163897329762,1
24.360412042596167,59.8203582317541,3.7810476089844984,6.411514814734001,2,0.8212644724682756,1
20.22229779699787,61.32881131352927,7.750683282113916,2.450839153269711,3,0.5988113312417902,1
16.96776839871214,79.20566903587971,3.4858388779069935,4.941119622814405,5,0.8053977413242439,0
26.017318179336115,61.803014522709695,10.280167891068807,4.564114355242911,5,0.6375623357175699,1
21.218246273578483,51.33765047064027,8.24731925880351,5.563269805102354,1,0.8537522748534606,1
17.88873145201163,69.46130752432536,3.627345501605208,4.076182677916604,4,0.6725101976420236,0
21.767135578787368,72.8420573338696,7.07237276885041,4.67131851082083,1,0.6473678366989993,1
19.592259981928024,36.58588277294511,5.74353078322825,7.065117928603765,5,0.9608379492929806,1
33.43570817536282,63.96100104774787,8.957523531257541,3.9080894069044563,2,0.5505274599344201,0
29.408198784747253,65.51759113466348,12.021351338069433,0.9835572481533017,6,0.4722684039979393,0
24.960136793416915,50.53654744960012,2.3744825910627663,9.373959760513552,2,0.750725867955675,1
32.39972069445013,75.6356021996743,8.345078237442252,8.453635196726216,1,0.9815930873705073,0
25.38684153823809,52.7491661945121,7.519601613300079,1.7693432622359535,6,0.626703528236312,1
20.69357899335868,56.88364680207313,10.014020229351397,6.724269513112986,5,0.43722205817726895,0
32.61562038634828,52.40392263574196,8.639589884713068,3.742563073621642,2,0.6035831603857404,0
27.694550218423295,55.23368571372201,5.744092004783543,5.658718038327649,5,0.7035589925917352,1
19.81376922836772,38.55587369657197,7.042838193000145,5.735560322533734,6,0.49715380397932823,0
24.04830660958196,33.39923676108559,5.611922429589533,4.413980499209195,6,0.7948613308338952,1
20.621908733076214,78.91757594837458,11.228021415795794,3.040585836034009,2,0.9986496334061203,0
18.086001345178317,42.29557977522508,8.063934946015827,3.2736473692093515,5,0.6710436855888663,1
29.630887737658206,40.129114758155396,13.703572057259022,2.7095202112968937,3,0.6128371340381276,0
34.54708320235065,22.699148295944276,7.818017558556138,2.920444479423888,5,0.64042250010068,0
18.007162130904295,45.41557378465747,5.874779699268611,4.8320542748766115,6,0.4690877070371207,0
27.814846183452854,35.153653098887524,3.4588568221615184,3.2106000272231205,5,0.9299641608557343,1
21.746787154390866,79.63022740204553,2.590580971232165,6.70513016428155,1,0.6488953933128112,0
22.56437308117652,70.1472563401395,3.2475921709835305,8.718115388339818,3,0.6323646468549048,1
22.038030378805654,44.67774482233414,8.80137995303445,3.5498668965748923,4,0.7958141637582846,1
20.68004615160092,88.78653708016463,9.5261750696898,5.598511251338443,1,0.6652200525586741,0
25.242608139724133,69.72648230487391,3.2564278939035995,6.249212775757335,4,0.7889400812847076,1
20.84524941794481,50.12752924737066,10.685114942228346,6.180005677298186,2,0.43686777407847255,0
26.352284128899193,20.0,6.550816844949681,5.189888169790218,4,0.8882340062333365,1
24.748809452754315,89.36413858886112,8.440379035956648,6.856706045899306,5,0.9643023717276415,0
23.80525976566795,34.15641299854606,12.836661884766272,6.205622381701643,4,0.7892592316956315,1
20.46218168979201,30.319018795646624,10.690517947596597,1.9058439441817554,6,0.9727395573152865,1
22.116143347158335,70.3385564801446,7.194408056282503,7.172890160973183,1,0.490859388621978,0
28.77695612912878,90.0,5.326423323754138,7.218227093166855,1,0.6864497136882122,0
27.504585938121902,75.76409227765777,1.5445537960120852,3.091784739553546,4,0.7610840403672683,1
20.112223776007244,63.45863680078539,5.84254004227274,5.094844588619005,1,0.749041988452712,1
25.49666152714613,63.92131512497929,7.366609283516917,6.708322482027674,6,0.640877067453426,1
28.756935616858947,67.80123338170462,5.038461418546448,4.4767154510515965,1,0.6028506456197569,0
16.652973594393142,66.38392884680148,7.606229098723086,7.682445119415029,4,0.4760944135302513,0
27.716800961899676,59.21787135954064,8.230555648876305,10.909681236548401,3,0.6350454703373669,0
21.686881205270765,56.56301655927814,7.3254320545757645,3.0350349184125442,3,0.4975964890632911,1
27.852993342965796,54.06110308150716,6.04999225752962,1.5473884921155627,2,0.8406194058953311,1
21.183704217287417,43.690531166999854,8.505964015900183,5.759546489012189,1,0.525298561296754,0
15.975589496677404,50.78987384699839,9.325821948708228,6.803906262815358,4,0.4351391831707203,0
16.862287810584185,29.605647787069216,4.728802767671462,4.422834065388077,1,0.7314196826903405,0
25.24042473330691,53.52490559807875,12.23279713923881,8.633151658302586,5,0.757137839631641,0
26.29861250860741,40.17113339273624,7.704235603147215,1.653485500691878,6,0.9231478367683033,1
20.478416874477958,38.44616024176344,8.056548868834543,6.732296557579028,1,0.7461889674506091,0
28.19296229388687,57.698412267302174,10.12464326976967,3.4853479481027665,1,0.6072885122340674,0
16.6923996886552,75.880034295169,8.699648393790504,9.29844476551824,3,0.8818071289157923,0
24.66960100676342,68.7747490900347,10.859409901739735,9.981288382920296,6,0.7241673359124526,0
18.944919001187717,31.442490945652345,8.861372495605472,3.0833585305416302,4,0.4475681707787151,0
21.740819460989204,40.15557795144494,6.162687876078686,3.6261071602285497,1,0.739510336187948,1
25.23699335658207,69.11156781982324,9.084510575618305,7.148969717449505,3,0.9448111272529974,1
20.69793317358024,40.26268909692536,4.568821378038015,4.032173375526213,2,0.6377875752989324,1
23.077222278850872,51.63050275004463,8.32567911732957,4.886471955169404,6,0.57779548113988,1
30.0314640460722,63.25078148536828,7.900310028066618,5.063471051356025,3,0.48608167421081205,0
22.115540652384254,40.47483317704547,7.375649428182381,0.2008171095058593,3,0.4908673131612144,1
29.17846056032571,56.580632592189396,7.614387465683208,4.965405634764407,3,0.6596628906050914,0
19.351465726711908,34.989617576226934,2.354452863507083,3.2756805648395653,1,0.7574078944969178,1
27.649020889576413,45.9794853407318,6.3538252767771155,3.76719294400057,1,0.4483692431017611,1
32.207843103289505,59.79672901213806,8.278534703423345,8.609080008672034,2,0.9637411534150995,0
15.0,31.105093997024962,8.479569175992202,1.858732764301859,5,0.8530801704671176,0
21.015523722647615,61.607121069405984,4.916974577222126,7.0330129668699435,5,0.7519743509701976,1
27.8853606359027,54.70543301609978,11.797123522594102,4.302592674170478,5,0.8970632025633944,1
23.984773069785035,63.28734931625722,5.401475455356497,4.300599578760414,6,0.448112054087268,1
26.855729366856544,58.358712010969924,10.90837160158021,6.975929740129279,6,0.6861033266398746,0
21.980074066420897,75.46210644960766,9.281583085615054,5.8501282364222265,2,0.778055876116998,0
25.4329489373645,56.87836753971861,6.061318070468591,6.4265324930488275,6,0.8971917436709735,1
24.221613823039604,48.558916883121206,13.325932677828536,7.420461651332152,5,0.8700817360295606,1
30.838910308299035,56.83446254548426,4.41908950473056,4.171729042041693,5,0.5662415498280398,0
26.272104216506065,63.14947043554582,10.757462520830003,3.469408163730624,3,0.9645281017355226,1
26.68801331037601,55.732901054885566,11.001746954128935,2.287123683605505,6,0.4746075048585222,1
22.940615169387662,55.608875368058236,5.988139372770066,2.9364736750526124,1,0.9250801711726913,1
22.561968879637533,44.47012468289867,12.177395900192987,12.0,1,0.9825641497627712,0
22.837209060901895,45.05648623673578,7.249860456203142,8.111698951841966,3,0.5062921139335753,1
26.972260711891483,33.96092092300459,8.866080887839571,1.6223140844799468,3,0.8332396385222711,1
22.895077595898684,81.24365114780409,8.780965516313662,1.6938551081410749,3,0.4241713112667991,0
26.448874284482066,36.34205146913072,7.597073775588356,6.204665154296229,1,0.643253695083493,1
35.0,44.60642203306139,10.432424819479346,6.368161993444917,5,0.7097699795186044,0
29.355623517158463,44.22389101646204,10.380466161656638,6.372209588293411,3,0.7483871355457805,0
23.369882339160796,68.42386565416662,2.7544040802854575,4.362610516115756,2,0.9615623489491357,1
31.006069610819722,50.57575482561958,11.913020728634457,4.68636434999275,3,0.8033504123765168,0
22.959623134892244,73.716131090106,3.0125240358929766,5.8196988103983935,4,0.6887667707315421,1
15.0,44.897640636341976,11.097638613024973,5.214732515733326,3,0.8858050217595336,0
19.95956844541298,59.18491243335703,11.38011541048275,0.0,1,0.9703196925726454,1
15.646040394870722,42.46979420110364,4.7271007093544055,4.425500923562016,6,0.41323968920937454,0
23.24243257979346,87.17723691660083,6.767557136136245,2.871483914349216,3,0.9895127633536233,1
25.092091895947757,37.18602371455731,4.682885994542193,5.43802854727128,6,0.45167928343820823,1
33.382186561376415,59.64731065340541,7.355236909133794,12.0,4,0.8886320675612568,0
26.634636868820813,64.50665321398148,7.0758971474427765,5.918704163685761,2,0.5682008515308475,0
23.90449735595568,61.20698646177247,10.338981596808019,4.216175784569005,6,0.4793077946523231,1
29.147027905917447,52.220685116834375,11.930926238358825,7.304503754943131,5,0.6639133838283009,0
15.0,53.05268950399861,12.187051432369868,6.206719718023032,3,0.786373947668568,0
26.178072790542828,55.657172079686646,6.313495920265094,6.050236226129603,4,0.628571107014085,1
28.854325969434832,52.79496997557267,7.372334378766417,6.517126483039178,4,0.4327392449696194,0
17.607068771100792,69.45818675192365,2.949685423337149,10.141358912073853,6,0.75967668379523,0
30.718770216034645,88.15784502387027,5.582389800511434,2.172778911685211,2,0.9414419656664048,0
26.69248203747207,46.637623224882496,10.894554899292373,6.184080192028636,1,0.629929219568351,0
22.923560430495993,34.45295530631383,12.846748470644695,2.684047175046154,3,0.5297996665784962,0
28.163909330531425,53.67576927473118,4.296953384360234,6.3887816158556205,4,0.6655464075596893,1
35.0,90.0,6.222607222541317,2.7032837212847642,2,0.42901762662926857,0
25.909331275292477,42.944881480454036,7.920782729123219,3.9565829659872893,5,0.8922925506881649,1
26.24110293150168,79.58675208166102,8.84048347645882,4.262275214405234,4,0.895804486570112,1
22.70319550229878,80.1655122111466,5.571189440235061,7.439541798361772,2,0.752800278057777,0
20.75077815267604,46.69617637438008,9.27218313339227,7.296136109856034,1,0.6118617333630337,0
29.151679082721227,63.534746187779135,6.578481958787251,1.885706558884039,1,0.8798700186674699,1
20.719580870455665,79.42594934692806,7.956643187365163,5.137335277499622,4,0.7328122148730203,0
25.357831186096963,49.313083885187694,9.638852744011098,3.2260503631270687,4,0.8955593851300097,1
22.611712766174417,51.946294598464576,8.019266809432814,1.8537377233116636,6,0.7788752755498124,1
27.39489912873196,46.274786290770344,6.690842328420294,4.457457373939074,3,0.8706432839276783,1
26.66831052643474,39.778649039607,7.671170588222507,4.2287930288604505,2,0.759137795930656,1
30.187699721289498,45.26083682400989,7.734911122383994,11.066791215863805,4,0.6484846409293997,0
22.449918005726264,36.64089599856615,6.889966910353617,6.08239956340174,3,0.9747675159556826,1
23.650625323533145,55.51125202388839,7.223611811998693,1.555956248114407,6,0.7246682949273069,1
20.106181421088465,43.450401534120374,12.795941511514151,3.5880649895726444,3,0.763053711124323,1
22.77853369961944,58.50678867686121,9.682758343823716,7.553458238573496,4,0.5322925836488496,0
26.88650246522426,31.66156530694559,7.113559045912519,10.221106932174813,1,0.7753904736563659,0
28.78494308322676,59.96320348321686,10.090863213532206,1.035041719405104,2,0.7429645896897663,1
20.389173379111874,67.50293442413387,6.99854153073197,0.30018903715238743,2,0.510903038768215,1
29.3480296005283,25.093965361428168,11.519373912759924,9.677412938429455,1,0.43575225841188625,0
31.778189294024756,60.61084854771358,9.108926576594282,5.97403544342726,4,0.7626155918288626,0
27.067174516118506,73.41503488709938,7.678093567987314,2.829268170309084,2,0.8582153616101923,1
34.38397906279033,36.855384719631914,9.343150777430832,6.3365727153060885,4,0.7140408225532049,0
21.131054004482134,80.08858580256555,3.287371543794502,0.0,6,0.5360635751917875,1
18.776726483442914,61.28528514049068,4.619697593270584,5.008438766492903,4,0.799913186015821,1
16.106398755478608,44.424822163623865,4.418224980802834,5.8195529321077135,3,0.44806343596576137,0
32.480221557445915,54.16346383513441,8.42882928429112,7.310675348844574,1,0.6651002228811728,0
28.27182828177029,63.374903687825835,13.197544998455275,2.4652601192686556,4,0.4980200550390521,0
24.722076645447725,56.14008087118617,14.693900438577897,5.2142179035083975,6,0.51067543063593,0
26.399843131599102,63.08133988669554,9.914153304322271,2.6864384348510315,5,0.5213763694949222,1
19.372554763508116,41.1898961038095,9.50253342483337,5.638459389185793,1,0.6320242342263868,0
35.0,57.54041236054117,2.596826797541783,2.76163419409244,2,0.4306901233722386,0
25.646105909876137,33.79428254642529,6.371978600797934,3.979747902099448,3,0.638676064557459,1
25.546973973024464,53.33160907976949,5.636648744275283,2.510461513024427,2,0.7070244682688205,1
28.62883311949346,41.44138537802815,6.137457205246652,6.627840604559143,6,0.6899765709797951,0
27.405046158683568,43.9670508611535,7.495568544245631,7.146127791641663,6,0.6296704602418244,0
26.119420121395656,73.54139762815656,6.583728266908618,4.413448575106465,2,0.9034879648424515,1
21.04762772277344,71.36965180891403,2.062100568872637,5.095594987400071,1,0.4871960154523025,1
27.357341785679978,64.13707181360766,10.243730768352602,1.3785214634161398,2,0.7034180462688244,1
34.41012248237517,38.61530852991132,4.781770922780581,4.250808379983033,4,0.4372248501739326,0
31.727100230774887,50.25387325457797,8.717740592333449,4.874488457395638,2,0.4426934073267459,0
32.965933133196984,73.19646549968775,14.22224800924992,11.551982727574938,3,0.7443195098062578,0
22.443921617844076,57.12575370459857,5.24184622524073,2.220082435564591,3,0.7396110549326926,1
20.051975898707095,89.7899430997254,1.0,8.660443096881094,5,0.9268201077066742,0
24.37106539950176,60.89976759091558,7.141987334359667,7.49214693366452,3,0.7347242053960439,1
25.278624561443472,57.880736747350475,11.302878904995714,5.701591011225341,2,0.9758746122429102,1
30.470957592354743,50.363253036962476,13.875042362661782,9.396551210487834,3,0.4292169090399579,0
16.537676851425903,57.00311357173423,4.311351216642749,5.930263681517157,1,0.45880461086844465,0
32.64775159730307,52.712952454291845,9.490097669709565,5.972897989169822,3,0.42643951694222887,0
24.209960507105052,65.62163015032885,6.6040686296598405,4.867198367456137,4,0.511166110200124,1
22.8655946502629,69.35053475191876,7.682154937087593,8.058922206046569,1,0.7247620665650069,0
19.93947812369916,43.21015809238076,15.933030041051104,7.741173084527209,5,0.7873433088564568,0
16.725716640671152,35.03150569663333,3.4910890148145404,3.435806781259469,4,0.4273510947692013,0
29.115852919809573,27.456919403450552,8.76121898448372,1.7018820135030817,2,0.9675825339073596,1
25.36658983594202,62.619869903688155,9.4030795152963,4.492548406510857,2,0.9052992259902286,1
18.55019550129473,38.449500907391894,11.257358974818041,2.999903589005884,2,0.5779674892942559,0
18.52460613968192,22.706641105712755,8.293949460412687,4.841188563461612,4,0.4463125181358808,0
23.32107650354936,60.82867906796446,8.924151618512306,8.093595336710347,4,0.5019322439314344,0
33.34510762644696,90.0,6.825054297734627,3.856745862283025,4,0.4761666482529836,0
23.702043243181976,54.9089363269016,8.807380823735322,4.892941546721063,1,0.4739702675793681,1
17.48428523440947,67.57736161677462,6.970423173507768,5.145056837020988,6,0.7111370131994403,0
23.77128467957028,56.22744037821347,9.864715669568152,7.121077205513211,1,0.5475084654960402,1
23.636382151261646,53.51665520213286,6.891168991869098,0.0,2,0.6148838299174867,1
15.0,68.78614724481653,9.13130118170656,3.4832492630867584,6,0.9937032000305934,0
24.72852566741094,50.64588183717023,7.912211558945065,5.528209230698682,3,0.8105885493552069,1
23.84532734895661,59.010884711078546,11.378150752316504,8.000197391067154,2,0.9693884002282008,1
28.48103182406709,59.8254670929402,7.845818829234541,3.770243881234487,5,0.48553393301986936,0
